{
  "scale": "large",
  "seed": 42,
  "rallies": 80,
  "benchmark_mode": false,
  "no_interval_biology": false,
  "neurons": 25250,
  "synapses": 6969762,
  "outcomes": [
    0,
    1,
    0,
    0,
    1,
    0,
    0,
    1,
    0,
    0,
    1,
    1,
    0,
    1,
    0,
    1,
    0,
    1,
    1,
    0,
    1,
    0,
    0,
    0,
    1,
    0,
    1,
    0,
    0,
    0,
    1,
    0,
    1,
    1,
    0,
    0,
    1,
    0,
    0,
    0,
    0,
    0,
    1,
    0,
    0,
    1,
    0,
    0,
    0,
    0,
    1,
    0,
    0,
    0,
    0,
    0,
    0,
    0,
    0,
    0,
    0,
    1,
    0,
    1,
    0,
    1,
    0,
    1,
    1,
    0,
    0,
    1,
    1,
    1,
    0,
    0,
    1,
    1,
    1,
    0
  ],
  "first_10": 0.3,
  "last_10": 0.6,
  "total_hits": 30,
  "total_hitrate": 0.375,
  "random_baseline": 0.3,
  "improvement_vs_random": 0.07499999,
  "passed": true,
  "wall_time_s": 128.085357833,
  "bio_time_ms": 4010.0000597536564,
  "realtime_factor": 0.03130724797585347,
  "slowdown_vs_realtime": 31.94148526792505,
  "neural_steps": 40100,
  "gpu_available": true,
  "gpu_dispatch_active": true,
  "gpu_init_error": null
}