{
  "scale": "large",
  "seed": 42,
  "rallies": 80,
  "benchmark_mode": true,
  "neurons": 25250,
  "synapses": 6969762,
  "outcomes": [
    1,
    0,
    0,
    0,
    0,
    0,
    1,
    1,
    0,
    1,
    0,
    0,
    0,
    0,
    0,
    1,
    0,
    1,
    1,
    1,
    0,
    0,
    1,
    0,
    1,
    1,
    0,
    1,
    1,
    1,
    1,
    0,
    0,
    0,
    0,
    1,
    1,
    1,
    0,
    0,
    0,
    0,
    0,
    0,
    1,
    0,
    0,
    1,
    0,
    0,
    1,
    1,
    1,
    0,
    1,
    0,
    0,
    0,
    0,
    1,
    0,
    0,
    0,
    1,
    1,
    1,
    0,
    1,
    0,
    0,
    0,
    1,
    1,
    1,
    0,
    0,
    0,
    0,
    0,
    1
  ],
  "first_10": 0.4,
  "last_10": 0.4,
  "total_hits": 33,
  "total_hitrate": 0.4125,
  "random_baseline": 0.3,
  "improvement_vs_random": 0.11249998,
  "passed": false,
  "wall_time_s": 150.499381708,
  "bio_time_ms": 3995.000059530139,
  "realtime_factor": 0.026544959947285816,
  "slowdown_vs_realtime": 37.67193478482715,
  "neural_steps": 39950,
  "gpu_available": true,
  "gpu_dispatch_active": true,
  "gpu_init_error": null
}